
<robot name="r2d2">

<link name="base">
  <visual>
    <origin xyz="0 0 0" rpy="0.52 0 0" />
    <geometry>
      <box size="0.5 0.05 0.05"/>
    </geometry>
    <material name="white">
      <color rgba="0 0 0.8 1" />
    </material>
  </visual>
</link>

<link name="base_fan1">
  <visual>
    <origin xyz="0.25 0 0" rpy="0 -0.52 1.57" />
    <geometry>
      <box size="0.18 0.02 0"/>
    </geometry>
    <material name="black">
      <color rgba="0.5 0 0 1" />
    </material>
  </visual>
</link>

<joint name="joint3" type="fixed">
  <parent link="base"/>
  <child link="base_fan1"/>
</joint>

<link name="base_fan2">
  <visual>
    <origin xyz="-0.25 0 0" rpy="0 -0.52 1.57" />
    <geometry>
      <box size="0.18 0.02 0"/>
    </geometry>
    <material name="black">
      <color rgba="0.5 0 0 1" />
    </material>
  </visual>
</link>

<joint name="joint4" type="fixed">
  <parent link="base"/>
  <child link="base_fan2"/>
</joint>

<link name="leg">
  <visual>
    <origin xyz="0 0 0" rpy="0 -0.52 1.57" />
    <geometry>
      <box size="0.5 0.05 0.05"/>
    </geometry>
    <material name="white">
      <color rgba="0 0 0.8 1" />
    </material>
  </visual>
</link>

<joint name="joint1" type="fixed">
  <parent link="base"/>
  <child link="leg"/>
</joint>

<link name="base_fan3">
  <visual>
    <origin xyz="0 0.24 0.117" rpy="0.52 0 0" />
    <geometry>
      <box size="0.18 0.02 0"/>
    </geometry>
    <material name="black">
      <color rgba="0.5 0 0 1" />
    </material>
  </visual>
</link>

<joint name="joint5" type="fixed">
  <parent link="leg"/>
  <child link="base_fan3"/>
</joint>

<link name="base_fan4">
  <visual>
    <origin xyz="0 -0.24 -0.117" rpy="0.52 0 0" />
    <geometry>
      <box size="0.18 0.02 0"/>
    </geometry>
    <material name="black">
      <color rgba="0.5 0 0 1" />
    </material>
  </visual>
</link>

<joint name="joint6" type="fixed">
  <parent link="leg"/>
  <child link="base_fan4"/>
</joint>

<link name="plate">
  <visual>
    <origin xyz="0 0 0" rpy="0 -0.52 1.57" />
    <geometry>
      <box size="0.2 0.2 0"/>
    </geometry>
    <material name="white">
      <color rgba="1 1 1 1" />
    </material>
  </visual>
</link>

<joint name="joint2" type="fixed">
  <parent link="base"/>
  <child link="plate"/>
</joint>


</robot>
